ID,Description1,Price1,Price2,Price3,ID_1,Description
APRON              *,APRON,22,0,0,APPAREL,APPAREL
CAPE CHEM          *,CHEMICAL CAPE,22,0,0,APPAREL,APPAREL
CAPE CUT           *,CUTTING CAPE,22,0,0,APPAREL,APPAREL
HAT                *,BAD HAIR DAY HAT,10,12,12,APPAREL,APPAREL
BACKPACK           *,FOLDING BACKPACK,15,15,15,APPAREL,APPAREL
PARF-SI FLEU,PARFUM FLEUR,15,30,30,APPAREL,APPAREL
BWPHASE1,BODY WRAP PHASE 1,70,0,0,BODYWRAP,BODY WRAP
BWGMC,BODY WRAP GABRIELLE CREME,8.5,17,17,BODYWRAP,BODY WRAP
BWAS,BODY WRAP ANTI STRETCH,10.95,21.9,21.9,BODYWRAP,BODY WRAP
BWIBI,BODY WRAP INCH BY INCH,10.95,21.9,21.9,BODYWRAP,BODY WRAP
BWST,BODY WRAP SKIN TIGHT,11.5,23,23,BODYWRAP,BODY WRAP
BWBL,BODY WRAP BEAUTIFUL LEGS,12.5,25,25,BODYWRAP,BODY WRAP
BWPHASE2,BODY WRAP PHASE 2,12.5,25,25,BODYWRAP,BODY WRAP
BRUSH-SANTA MAR,SANTA MARGHERITA,4,8,8,BRUSH,BRUSHES
RED ROUND LG,ORIGINAL RED ROUND BRUSH,6,12,12,BRUSH,BRUSHES
BRUSH-PORTOFINO,PORTOFINO,6,12,12,BRUSH,BRUSHES
RED ROUND SM,SMALL ROUND BRUSH,6,12,13,BRUSH,BRUSHES
JCF-1,FLUID 1 NERO BLU,3.25,0,0,COLFLUID,COLOR FLUID
JCF-3N,FLUID 3 N CASTANO SCURO,3.25,0,0,COLFLUID,COLOR FLUID
JCF-4N,FLUID 4 N CASTANO,3.25,0,0,COLFLUID,COLOR FLUID
JCF-4R,FLUID 4 R CASTANO RAMATO,3.25,0,0,COLFLUID,COLOR FLUID
JCF-5D,FLUID 5 D CASTANO CH.DOR,3.25,0,0,COLFLUID,COLOR FLUID
JCF-5M,FLUID 5 M MOGANO CHIARO,3.25,0,0,COLFLUID,COLOR FLUID
JCF-5N,FLUID 5 N CASTANO CHIARO,3.25,0,0,COLFLUID,COLOR FLUID
JCF-5R,FLUID 5 R CASTANO CH. RAM,3.25,0,0,COLFLUID,COLOR FLUID
JCF-5V,FLUID 5V PRUGNA CHIARO,3.25,0,0,COLFLUID,COLOR FLUID
JCF-6N,FLUID 6 N BIONDO SCURO,3.25,0,0,COLFLUID,COLOR FLUID
JCF-6RV,FLUID 6RV ROSSO SC VIVO,3.25,0,0,COLFLUID,COLOR FLUID
JCF-7D,FLUID 7 D BIONDO DORATO,3.25,0,0,COLFLUID,COLOR FLUID
JCF-7N,FLUID 7 N BIONDO,3.25,0,0,COLFLUID,COLOR FLUID
JCF-7R,FLUID 7 R BIONDO RAMATO,3.25,0,0,COLFLUID,COLOR FLUID
JCF-7TIZ,FLUID 7TIZ ROSSO TIZIANO,3.25,0,0,COLFLUID,COLOR FLUID
JCF-8DM,FLUID 8DM BIONDO CH.MELE,3.25,0,0,COLFLUID,COLOR FLUID
JCF-8N,FLUID 8 N BIONDO CHIARO,3.25,0,0,COLFLUID,COLOR FLUID
JCF-8RS,CHESTNUT RED,3.25,0,0,COLFLUID,COLOR FLUID
JCF-CHART          *,FLUID COLOR  CHART,12,0,0,COLFLUID,COLOR FLUID
KIT-FLUID,JALYD COLOR FLUID KIT,0,0,0,COLFLUID,COLOR FLUID
COLCHT             *,JALYD COLOR CHART,25,0,0,COLSUP,COLOR SUPPORT
COLGONE-128,COLOR GONE GALLON,45,0,0,COLSUP,COLOR SUPPORT
COLGONE-16,COLOR GONE PINT,13,0,0,COLSUP,COLOR SUPPORT
COLGONE-8,COLOR GONE 8 OUNCE,8,0,0,COLSUP,COLOR SUPPORT
GLOVE-L-L          *,LATEX GLOVE LARGE,7.99,0,0,COLSUP,COLOR SUPPORT
GLOVE-L-M          *,LATEX GLOVE MEDIUM,7.99,0,0,COLSUP,COLOR SUPPORT
GLOVE-V-L          *,VINYL GLOVE LARGE,4.99,0,0,COLSUP,COLOR SUPPORT
GLOVE-V-M          *,VINYL GLOVE MEDIUM,4.99,0,0,COLSUP,COLOR SUPPORT
GLOVE-V-S          *,VINYL GLOVE SMALL,4.99,0,0,COLSUP,COLOR SUPPORT
GLOVE-V-XL         *,VINYL GLOVE EXTRA LARGE,7.99,0,0,COLSUP,COLOR SUPPORT
JTC-BRUSH          *,MILLENNIUM BRUSH,2,0,0,COLSUP,COLOR SUPPORT
JTC-CHART          *,MILLENNIUM COLOR CHART,45,0,0,COLSUP,COLOR SUPPORT
MOUSSECHART        *,COLOR MOUSSE CHART,12.5,0,0,COLSUP,COLOR SUPPORT
JALYD J CART       *,JALYD J COLOR STORAGE CART,150,0,0,COLSUP,COLOR SUPPORT
FOIL RED 250,METAL FOIL RED 250,14.95,0,0,COLSUP,COLOR SUPPORT
FOIL BLUE 250,METAL FOIL BLUE 250,14.95,0,0,COLSUP,COLOR SUPPORT
FOIL GOLD 250,METAL FOIL GOLD 250 FT,14.95,0,0,COLSUP,COLOR SUPPORT
FOIL SILVER 250,METAL FOIL SILVER 250,11.95,0,0,COLSUP,COLOR SUPPORT
FOIL SILVER 500,METAL FOIL SILVE 500 FT,20.95,0,0,COLSUP,COLOR SUPPORT
BIOMIN,BIOMIN OIL,18,0,0,CONDITIO,CONDITIONER
BIOMIN3,BIOMINOIL 3 PACK,6,0,0,CONDITIO,CONDITIONER
BSCON-1            *,BOTAN SILK COND  1Z        1,0.55,1.7,1.7,CONDITIO,CONDITIONER
KSCON-1            *,KIWI SILK CONDITIONER 1z,0.55,1.7,1.7,CONDITIO,CONDITIONER
PERCON-1           *,PERMISSION COND  1Z,0.55,1.7,1.7,CONDITIO,CONDITIONER
BSCON-2,BOTAN SILK COND  2Z,1.85,3.7,3.7,CONDITIO,CONDITIONER
GIZER-2,PERMAGIZER  2Z,1.85,3.7,3.7,CONDITIO,CONDITIONER
KSCON-2,KIWI SILK CONDITIONER 2Z,1.85,3.7,3.7,CONDITIO,CONDITIONER
PERCON-2,PERMISSION COND  2Z,1.85,3.7,3.7,CONDITIO,CONDITIONER
FRESHHAIR-2,FRESH HAIR 2oz,1.85,3.7,3.7,CONDITIO,CONDITIONER
CCON-2,COLOR CONDITIONING COMPLEX,2.6,5.2,5.2,CONDITIO,CONDITIONER
MAP-4,MAP COND  4Z [JAR],4.5,10,11,CONDITIO,CONDITIONER
TPC-8,TPC  8Z,4.5,10,11,CONDITIO,CONDITIONER
FRESHHAIR-8,FRESH HAIR 8oz,4.75,10.5,11.5,CONDITIO,CONDITIONER
BSCON-8,BOTAN SILK COND  8Z,5,11,12,CONDITIO,CONDITIONER
CHLCON-8,CHLORIMED SPRAY ON COND  8Z,5,11,12,CONDITIO,CONDITIONER
GIZER-8,PERMAGIZER  8Z,5,11,12,CONDITIO,CONDITIONER
KSCON-8,KIWI SILK CONDITIONER 8Z,5,11,12,CONDITIO,CONDITIONER
PERCON-8,PERMISSION COND  8Z,5,11,12,CONDITIO,CONDITIONER
CCON-8,COLOR CONDITIONING COMPLEX,5.75,12.5,13.5,CONDITIO,CONDITIONER
BSINT-4,BOTAN SILK INTENSE  4Z,6.5,13,15,CONDITIO,CONDITIONER
INSCON-4,INSORB COND  4Z [JAR],7.5,16,17,CONDITIO,CONDITIONER
BSCON-16,BOTAN SILK COND 16Z,9,20,21,CONDITIO,CONDITIONER
GIZER-16,PERMAGIZER 16Z,9,20,21,CONDITIO,CONDITIONER
KSCON-16,KIWI SILK CONDITIONER 16 OUN,9,20,21,CONDITIO,CONDITIONER
PERCON-16,PERMISSION COND 16Z,9,20,21,CONDITIO,CONDITIONER
MAP-16,MAP COND 16Z,10,21,22,CONDITIO,CONDITIONER
CCON-16,COLOR CONDITION COMPLEX 16Z,10.5,23,24,CONDITIO,CONDITIONER
INSCON-16,INSORB COND 16Z,13,28,29,CONDITIO,CONDITIONER
BSCON-32,BOTAN SILK COND 32Z,13.75,30.5,31.5,CONDITIO,CONDITIONER
GIZER-32,PERMAGIZER 32Z,13.75,30.5,31.5,CONDITIO,CONDITIONER
PERCON-32,PERMISSION COND 32Z,13.75,30.5,31.5,CONDITIO,CONDITIONER
FRESHHAIR-32,FRESH HAIR 32 oz,13.75,30.5,31.5,CONDITIO,CONDITIONER
KSCON-34,KIWI SILK CONDITONER - LITER,15,32,33,CONDITIO,CONDITIONER
CHLCON-32,CHLORIMED SPRAY ON COND 32Z,17.75,35.5,39.5,CONDITIO,CONDITIONER
CCON-32,COLOR CONDITIONING COMPLEX 3,18.25,39.5,40.5,CONDITIO,CONDITIONER
TPC-128,TPC GAL                 *,20.45,44.9,45.9,CONDITIO,CONDITIONER
BSCON-128,BOTAN SILK COND GAL       *,37.5,79,80,CONDITIO,CONDITIONER
PERCON-128,PERMISSION COND GAL     *,37.5,79,80,CONDITIO,CONDITIONER
GIZER-128,PERMAGIZER GAL          *,37.5,79.6,80.6,CONDITIO,CONDITIONER
KSCON-128,KIWI SILK CONDITIONER GALLON,40,84,85,CONDITIO,CONDITIONER
MAP-128,MAP COND GAL             *,46.5,97,98,CONDITIO,CONDITIONER
CCON-128,COLOR CARE CONDITIONER GALLO,54,112,113,CONDITIO,CONDITIONER
INSCON-128,INSORB COND GAL           *,73.5,151,152,CONDITIO,CONDITIONER
AFPHY-05,PHYTOSOME CREME HALF OUNCE,6,12,12,FACIAL,FACIAL
AFTSG,TROPICAL SPA GEL,6,12,12,FACIAL,FACIAL
AFFCG,FACIAL TONING GELEE,10,20,20,FACIAL,FACIAL
AFFCL,FACIAL CLEANSING LOTION,10,20,20,FACIAL,FACIAL
AFLEC,EYE AND LIP CREAM,17.5,35,35,FACIAL,FACIAL
AFPHY,PHYTOSOME 2 OUNCE,22.5,45,45,FACIAL,FACIAL
AFIP,INSTANT PEEL,25,50,50,FACIAL,FACIAL
AFMINISYSTEM,AF MINI SYSTEM,25,50,50,FACIAL,FACIAL
AFFULLSYSTE,AF FULL SYSTEM,50,100,100,FACIAL,FACIAL
MEN COLOGNE,MEN COLOGNE,0,0,0,PARFUM,FRAGRANCE
PARF-CRUMEN,PARFUME CRUISER MEN,15,30,30,PARFUM,FRAGRANCE
PARF-D'HOMME,PARFUME D'HOMME EDT,15,30,30,PARFUM,FRAGRANCE
PARF-D'OR,PARFUM D'OR,15,30,30,PARFUM,FRAGRANCE
PARF-IGNITIO,PARFUM  IGNITION,15,30,30,PARFUM,FRAGRANCE
PARF-IVERSE,PARFUM IVERSE FOR WOMEN,15,30,30,PARFUM,FRAGRANCE
PARF-KSM,PARFUM KSM 100 ML,15,30,30,PARFUM,FRAGRANCE
PARF-L'ELUE,PARFUM L'ELUE,15,30,30,PARFUM,FRAGRANCE
INDEFINI,INDEFINI WOMAN,15,30,30,PARFUM,FRAGRANCE
7 RUE ROYALE,7 RUE ROYALE,15,30,30,PARFUM,FRAGRANCE
JUST IMAGNATION M,JUST IMAGINATION MEN,15,30,30,PARFUM,FRAGRANCE
JUST IMAGINATION W,JUST IMAGINATION WOMAN,15,30,30,PARFUM,FRAGRANCE
GRIFFS MEN,FRIFFS MEN,15,30,30,PARFUM,FRAGRANCE
GRIFFS W,GRIFFS WOMAN,15,30,30,PARFUM,FRAGRANCE
PROXIMO M,PROXIMO MEN,15,30,30,PARFUM,FRAGRANCE
PROXIMO W,PROXIMO WOMAN,15,30,30,PARFUM,FRAGRANCE
PARF-ATTRACT,PARFUME ATTRACTIVE,50,50,50,PARFUM,FRAGRANCE
PARF-CRUWOM,PARFUME CRUISER WOMAN,50,50,50,PARFUM,FRAGRANCE
S2 20/27,SPIKEY SCRUNCHIE,6.5,0,0,HAIR A,HAIR ACCESORIES
S2 4/35T,SPIKEY SCRUNCHIE,6.5,0,0,HAIR A,HAIR ACCESORIES
S3 27/10,WAVY SCRUNCHIE,6.5,0,0,HAIR A,HAIR ACCESORIES
S3 27/30,WAVY SCRUNCHIE,6.5,0,0,HAIR A,HAIR ACCESORIES
S3 25/32/30,WAVY SCRUNCHIE,6.5,0,0,HAIR A,HAIR ACCESORIES
S8 27/10,CASCADE/CURLY W/CLIP,20,0,0,HAIR A,HAIR ACCESORIES
S9 1/B3,CASCADE W/CLIP-LONG/BRAID,25,0,0,HAIR A,HAIR ACCESORIES
S9 1/B33,CASCADE W/CLIP-LONG/BRAID,25,0,0,HAIR A,HAIR ACCESORIES
S9 10/12,CASCADE W/CLIP-LONG/BRAID,25,0,0,HAIR A,HAIR ACCESORIES
S9 10/25T,CASCADE W/CLIP-LONG/BRAID,25,0,0,HAIR A,HAIR ACCESORIES
S9 120/220,CASCADE W/CLIP-LONG/BRAID,25,0,0,HAIR A,HAIR ACCESORIES
S9 27/10,CASCADE W/CLIP-LONG/BRAID,25,0,0,HAIR A,HAIR ACCESORIES
S9 27/30,CASCADE W/CLIP-LONG/BRAID,25,0,0,HAIR A,HAIR ACCESORIES
S9 20/27,CASCADE W/CLIP-LONG/BRAID,25,0,0,HAIR A,HAIR ACCESORIES
S9 25/32/30,CASCADE W/CLIP-LONG/BRAID,25,0,0,HAIR A,HAIR ACCESORIES
S9 30/33,CASCADE W/CLIP-LONG/BRAID,25,0,0,HAIR A,HAIR ACCESORIES
S9 4/27T,CASCADE W/CLIP-LONG/BRAID,25,0,0,HAIR A,HAIR ACCESORIES
S9 4/35T,CASCADE W/CLIP-LONG/BRAID,25,0,0,HAIR A,HAIR ACCESORIES
S9 6/4,CASCADE W/CLIP-LONG/BRAID,25,0,0,HAIR A,HAIR ACCESORIES
S9 8,CASCADE W/CLIP-LONG/BRAID,25,0,0,HAIR A,HAIR ACCESORIES
S9 88T27,CASCADE W/CLIP-LONG/BRAID,25,0,0,HAIR A,HAIR ACCESORIES
S10 4/27T,CASCADE W/CLIP-PERM,20,0,0,HAIR A,HAIR ACCESORIES
S12 27/10,CASCADE W/CLIP-SHORT/CURLY,20,0,0,HAIR A,HAIR ACCESORIES
S13 4/35T,CASCADE W/CLIP,20,0,0,HAIR A,HAIR ACCESORIES
S13 6/4,CASCADE W/CLIP,20,0,0,HAIR A,HAIR ACCESORIES
S14 6/4,CASCADE W/CLIP-LONG/CURLY,25,0,0,HAIR A,HAIR ACCESORIES
S40 27/30,SHORT BOB/HEADBAND,50,0,0,HAIR A,HAIR ACCESORIES
S9 1/6,,25,0,0,HAIR A,HAIR ACCESORIES
S9 10/13,,25,0,0,HAIR A,HAIR ACCESORIES
S9 12T88,,25,0,0,HAIR A,HAIR ACCESORIES
S9 25/144/6,,25,0,0,HAIR A,HAIR ACCESORIES
S9 88/27,,25,0,0,HAIR A,HAIR ACCESORIES
S9 27V66,,25,0,0,HAIR A,HAIR ACCESORIES
S9 1,,25,0,0,HAIR A,HAIR ACCESORIES
S9 23B25,,25,0,0,HAIR A,HAIR ACCESORIES
S9 10,,25,0,0,HAIR A,HAIR ACCESORIES
3 B2,,6.5,0,0,HAIR A,HAIR ACCESORIES
S4B 1/B3,,12,0,0,HAIR A,HAIR ACCESORIES
S4B 1/B33,,12,0,0,HAIR A,HAIR ACCESORIES
S4B 10/12,,12,0,0,HAIR A,HAIR ACCESORIES
S4B 10/25T,,12,0,0,HAIR A,HAIR ACCESORIES
S4B 120/220,,12,0,0,HAIR A,HAIR ACCESORIES
S4B 27/10,,12,0,0,HAIR A,HAIR ACCESORIES
S4B 27/30,,12,0,0,HAIR A,HAIR ACCESORIES
S4B 20/27,,12,0,0,HAIR A,HAIR ACCESORIES
S4B 25/32/30,,12,0,0,HAIR A,HAIR ACCESORIES
S4B 30/33,,12,0,0,HAIR A,HAIR ACCESORIES
S4B 4/27T,,12,0,0,HAIR A,HAIR ACCESORIES
S4B 4/35T,,12,0,0,HAIR A,HAIR ACCESORIES
S4B 6/4,,12,0,0,HAIR A,HAIR ACCESORIES
S4B 8,,12,0,0,HAIR A,HAIR ACCESORIES
S4B 88T27,,12,0,0,HAIR A,HAIR ACCESORIES
S9 4/30T,,25,0,0,HAIR A,HAIR ACCESORIES
S9 88T27/10,,25,0,0,HAIR A,HAIR ACCESORIES
S15 88T27,,25,0,0,HAIR A,HAIR ACCESORIES
S15 4/27T,,25,0,0,HAIR A,HAIR ACCESORIES
S4B 25/144/6,,12,0,0,HAIR A,HAIR ACCESORIES
S4B 10,,12,0,0,HAIR A,HAIR ACCESORIES
S4B 12T88,,12,0,0,HAIR A,HAIR ACCESORIES
S4B 40/30T,,12,0,0,HAIR A,HAIR ACCESORIES
S4B 88/27,,12,0,0,HAIR A,HAIR ACCESORIES
S5 88T27,,20,0,0,HAIR A,HAIR ACCESORIES
S11 6/4,,20,0,0,HAIR A,HAIR ACCESORIES
S4B 1/6,,12,0,0,HAIR A,HAIR ACCESORIES
S4B 88T27/10,,12,0,0,HAIR A,HAIR ACCESORIES
S11 30/33,,25,0,0,HAIR A,HAIR ACCESORIES
S2 1/B3,SPIKEY SCRUNCHIE,6.5,13,13,HAIR A,HAIR ACCESORIES
S2 1/B33,SPIKEY SCRUNCHIE,6.5,13,13,HAIR A,HAIR ACCESORIES
S2 10/12,SPIKEY SCRUNCHIE,6.5,13,13,HAIR A,HAIR ACCESORIES
S2 10/25T,SPIKEY SCRUNCHIE,6.5,13,13,HAIR A,HAIR ACCESORIES
S2 120-220,SPIKEY SCRUNCHIE,6.5,13,13,HAIR A,HAIR ACCESORIES
S2 27/10,SPIKEY SCRUNCHIE,6.5,13,13,HAIR A,HAIR ACCESORIES
S2 27/30,SPIKEY SCRUNCHIE,6.5,13,13,HAIR A,HAIR ACCESORIES
S2 25/32/30,SPIKEY SCRUNCHIE,6.5,13,13,HAIR A,HAIR ACCESORIES
S2 30/33,SPIKEY SCRUNCHIE,6.5,13,13,HAIR A,HAIR ACCESORIES
S2 4/27T,SPIKEY SCRUNCHIE,6.5,13,13,HAIR A,HAIR ACCESORIES
S2 6/4,SPIKEY SCRUNCHIE,6.5,13,13,HAIR A,HAIR ACCESORIES
S2 8,SPIKEY SCRUNCHIE,6.5,13,13,HAIR A,HAIR ACCESORIES
S2 88T27,SPIKEY SCRUNCHIE,6.5,13,13,HAIR A,HAIR ACCESORIES
S3 1/B3,WAVY SCRUNCHIE,6.5,13,13,HAIR A,HAIR ACCESORIES
S3 1/B33,WAVY SCRUNCHIE,6.5,13,13,HAIR A,HAIR ACCESORIES
S3 10/12,WAVY SCRUNCHIE,6.5,13,13,HAIR A,HAIR ACCESORIES
S3 10/25T,WAVY SCRUNCHIE,6.5,13,13,HAIR A,HAIR ACCESORIES
S3 120-220,WAVY SCRUNCHIE,6.5,13,13,HAIR A,HAIR ACCESORIES
S3 20/27,WAVY SCRUNCHIE,6.5,13,13,HAIR A,HAIR ACCESORIES
S3 30/33,WAVY SCRUNCHIE,6.5,13,13,HAIR A,HAIR ACCESORIES
S3 4/27T,WAVY SCRUNCHIE,6.5,13,13,HAIR A,HAIR ACCESORIES
S3 4/35T,WAVY SCRUNCHIE,6.5,13,13,HAIR A,HAIR ACCESORIES
S3  6/4,WAVY SCRUNCHIE,6.5,13,13,HAIR A,HAIR ACCESORIES
S3 8,WAVY SCRUNCHIE,6.5,13,13,HAIR A,HAIR ACCESORIES
S3 88T27,WAVY SCRUNCHIE,6.5,13,13,HAIR A,HAIR ACCESORIES
S3 6/4,WAVY SCRUNCHIE,6.5,13,13,HAIR A,HAIR ACCESORIES
S2 88/27,SPIKEY SCRUNCHIE,6.5,13,13,HAIR A,HAIR ACCESORIES
S3 88/27,WAVY SCRUNCHIE,6.5,13,13,HAIR A,HAIR ACCESORIES
S2 1,SPIKEY SCRUNCHIE,6.5,13,13,HAIR A,HAIR ACCESORIES
S2 10/13,SPIKEY SCRUNCHIE,6.5,13,13,HAIR A,HAIR ACCESORIES
S3 10/13,WAVY SCRUNCHIE,6.5,13,13,HAIR A,HAIR ACCESORIES
S3 12T88,WAVY SCRUNCHIE,6.5,13,13,HAIR A,HAIR ACCESORIES
S2 25/144/6,SPIKEY SCRUNCHIE,6.5,13,13,HAIR A,HAIR ACCESORIES
S2 23B25,SPIKEY SCRUNCHIE,6.5,13,13,HAIR A,HAIR ACCESORIES
S2 1/6,SPIKEY SCRUNCHIE,6.5,13,13,HAIR A,HAIR ACCESORIES
S3 1,WAVY SCRUNCHIE,6.5,13,13,HAIR A,HAIR ACCESORIES
S3 1/6,WAVY SCRUNCHIE,6.5,13,13,HAIR A,HAIR ACCESORIES
S3 10,WAVY SCRUNCHIE,6.5,13,13,HAIR A,HAIR ACCESORIES
S3 107/2,WAVY SCRUNCHIE,6.5,13,13,HAIR A,HAIR ACCESORIES
S3 27V66,WAVY SCRUNCHIE,6.5,13,13,HAIR A,HAIR ACCESORIES
S3 23B25,WAVY SCRUNCHIE,6.5,13,13,HAIR A,HAIR ACCESORIES
S3 4/30T,WAVY SCRUNCHIE,6.5,13,13,HAIR A,HAIR ACCESORIES
S3 B2,WAVY SCRUNCHIE,6.5,13,13,HAIR A,HAIR ACCESORIES
S3 25/144/6,WAVY SCRUNCHIE,6.5,13,13,HAIR A,HAIR ACCESORIES
S3 88T27/10,WAVY SCRUNCHIE,6.5,13,13,HAIR A,HAIR ACCESORIES
S2 4/30T,SPIKEY SCRUNCHIE,6.5,13,13,HAIR A,HAIR ACCESORIES
S2 10,SPIKEY SCRUNCHIE,6.5,13,13,HAIR A,HAIR ACCESORIES
S3 B1,WAVY SCRUNCHIE,6.5,13,13,HAIR A,HAIR ACCESORIES
S3 B3,WAVY SCRUNCHIE,6.5,13,13,HAIR A,HAIR ACCESORIES
S2 12T88,SPIKEY SCRUNCHIE,6.5,13,13,HAIR A,HAIR ACCESORIES
S3 88T2710,WAVY SCRUNCHIE,6.5,13,13,HAIR A,HAIR ACCESORIES
S1B 1/B33,,6.5,13,13,HAIR A,HAIR ACCESORIES
S1B 10/25T,,6.5,13,13,HAIR A,HAIR ACCESORIES
S1B 120/220,,6.5,13,13,HAIR A,HAIR ACCESORIES
S1B 27/10,,6.5,13,13,HAIR A,HAIR ACCESORIES
S1B 25/32/30,,6.5,13,13,HAIR A,HAIR ACCESORIES
S1B 88T27,,6.5,13,13,HAIR A,HAIR ACCESORIES
S1B 88T27/10,,6.5,13,13,HAIR A,HAIR ACCESORIES
S26 1/B33,,12,24,24,HAIR A,HAIR ACCESORIES
S26 10/25T,,12,24,24,HAIR A,HAIR ACCESORIES
S26 27/10,,12,24,24,HAIR A,HAIR ACCESORIES
S26 27/30,,12,24,24,HAIR A,HAIR ACCESORIES
S26 25/32/30,,12,24,24,HAIR A,HAIR ACCESORIES
S26 88T27,,12,24,24,HAIR A,HAIR ACCESORIES
S26 88T27/10,,12,24,24,HAIR A,HAIR ACCESORIES
S6 10/12,CASCADE/CURLY W/CLIP,20,40,40,HAIR A,HAIR ACCESORIES
S6 10/25T,CASCADE/CURLY W/CLIP,20,40,40,HAIR A,HAIR ACCESORIES
S6 120-220,CASCADE/CURLY W/CLIP,20,40,40,HAIR A,HAIR ACCESORIES
S6 27/10,CASCADE/CURLY W/CLIP,20,40,40,HAIR A,HAIR ACCESORIES
S6 20/27,CASCADE/CURLY W/CLIP,20,40,40,HAIR A,HAIR ACCESORIES
S6 25/32/30,CASCADE/CURLY W/CLIP,20,40,40,HAIR A,HAIR ACCESORIES
S6 30/33,CASCADE/CURLY W/CLIP,20,40,40,HAIR A,HAIR ACCESORIES
S6 4/27T,CASCADE/CURLY W/CLIP,20,40,40,HAIR A,HAIR ACCESORIES
S6 4/35T,CASCADE/CURLY W/CLIP,20,40,40,HAIR A,HAIR ACCESORIES
S6 6/4,CASCADE/CURLY W/CLIP,20,40,40,HAIR A,HAIR ACCESORIES
S6 8,CASCADE/CURLY W/CLIP,20,40,40,HAIR A,HAIR ACCESORIES
S6 88T27,CASCADE/CURLY W/CLIP,20,40,40,HAIR A,HAIR ACCESORIES
S8 1/B3,CASCADE W/CLIP,20,40,40,HAIR A,HAIR ACCESORIES
S8 1/B33,CASCADE/CURLY W/CLIP,20,40,40,HAIR A,HAIR ACCESORIES
S8 10/12,CASCADE/CURLY W/CLIP,20,40,40,HAIR A,HAIR ACCESORIES
S8 10/25T,CASCADE/CURLY W/CLIP,20,40,40,HAIR A,HAIR ACCESORIES
S8 120/220,CASCADE/CURLY W/CLIP,20,40,40,HAIR A,HAIR ACCESORIES
S8 27/30,CASCADE/CURLY W/CLIP,20,40,40,HAIR A,HAIR ACCESORIES
S8 20/27,CASCADE/CURLY W/CLIP,20,40,40,HAIR A,HAIR ACCESORIES
S8 25/32/30,CASCADE/CURLY W/CLIP,20,40,40,HAIR A,HAIR ACCESORIES
S8 30/33,CASCADE/CURLY W/CLIP,20,40,40,HAIR A,HAIR ACCESORIES
S8 4/27T,CASCADE/CURLY W/CLIP,20,40,40,HAIR A,HAIR ACCESORIES
S8 4/35T,CASCADE/CURLY W/CLIP,20,40,40,HAIR A,HAIR ACCESORIES
S8 6/4,CASCADE/CURLY W/CLIP,20,40,40,HAIR A,HAIR ACCESORIES
S8 8,CASCADE/CURLY W/CLIP,20,40,40,HAIR A,HAIR ACCESORIES
S8 88T27,CASCADE/CURLY W/CLIP,20,40,40,HAIR A,HAIR ACCESORIES
S10 1/B3,CASCADE W/CLIP-PERM,20,40,40,HAIR A,HAIR ACCESORIES
S10 1/B33,CASCADE W/CLIP-PERM,20,40,40,HAIR A,HAIR ACCESORIES
S10 4/35T,CASCADE W/CLIP-PERM,20,40,40,HAIR A,HAIR ACCESORIES
S10 6/4,CASCADE W/CLIP-PERM,20,40,40,HAIR A,HAIR ACCESORIES
S12 1/B3,CASCADE W/CLIP-SHORT/CURLY,20,40,40,HAIR A,HAIR ACCESORIES
S12 1/B33,CASCADE W/CLIP-SHORT/CURLY,20,40,40,HAIR A,HAIR ACCESORIES
S12 10/12,CASCADE W/CLIP-SHORT/CURLY,20,40,40,HAIR A,HAIR ACCESORIES
S12 10/25T,CASCADE W/CLIP-SHORT/CURLY,20,40,40,HAIR A,HAIR ACCESORIES
S12 120-220,CASCADE W/CLIP-SHORT/CURLY,20,40,40,HAIR A,HAIR ACCESORIES
S12 27/30,CASCADE W/CLIP-SHORT/CURLY,20,40,40,HAIR A,HAIR ACCESORIES
S12 20/27,CASCADE W/CLIP-SHORT/CURLY,20,40,40,HAIR A,HAIR ACCESORIES
S12 25/32/30,CASCADE W/CLIP-SHORT/CURLY,20,40,40,HAIR A,HAIR ACCESORIES
S12 30/33,CASCADE W/CLIP-SHORT/CURLY,20,40,40,HAIR A,HAIR ACCESORIES
S12 4/27T,CASCADE W/CLIP-SHORT/CURLY,20,40,40,HAIR A,HAIR ACCESORIES
S12 4/35T,CASCADE W/CLIP-SHORT/CURLY,20,40,40,HAIR A,HAIR ACCESORIES
S12 6/4,CASCADE W/CLIP-SHORT/CURLY,20,40,40,HAIR A,HAIR ACCESORIES
S12 8,CASCADE W/CLIP-SHORT/CURLY,20,40,40,HAIR A,HAIR ACCESORIES
S12 88T27,CASCADE W/CLIP-SHORT/CURLY,20,40,40,HAIR A,HAIR ACCESORIES
S13 1/B3,CASCADE W/CLIP,20,40,40,HAIR A,HAIR ACCESORIES
S13 1/B33,CASCADE W/CLIP,20,40,40,HAIR A,HAIR ACCESORIES
S13 10/12,CASCADE W/CLIP,20,40,40,HAIR A,HAIR ACCESORIES
S13 10/25T,CASCADE W/CLIP,20,40,40,HAIR A,HAIR ACCESORIES
S13 120-220,CASCADE W/CLIP,20,40,40,HAIR A,HAIR ACCESORIES
S13 27/10,CASCADE W/CLIP,20,40,40,HAIR A,HAIR ACCESORIES
S13 27/30,CASCADE W/CLIP,20,40,40,HAIR A,HAIR ACCESORIES
S13 20/27,CASCADE W/CLIP,20,40,40,HAIR A,HAIR ACCESORIES
S13 25/32/30,CASCADE W/CLIP,20,40,40,HAIR A,HAIR ACCESORIES
S13 30/33,CASCADE W/CLIP,20,40,40,HAIR A,HAIR ACCESORIES
S13 4/27T,CASCADE W/CLIP,20,40,40,HAIR A,HAIR ACCESORIES
S13 88T27,CASCADE W/CLIP,20,40,40,HAIR A,HAIR ACCESORIES
S13 8,CASCADE W/CLIP,20,40,40,HAIR A,HAIR ACCESORIES
S6 1/B3,CASCADE/CURLY W/CLIP,20,40,40,HAIR A,HAIR ACCESORIES
S6 1/B33,CASCADE/CURLY W/CLIP,20,40,40,HAIR A,HAIR ACCESORIES
S6 12T88,CASCADE/CURLY W/CLIP,20,40,40,HAIR A,HAIR ACCESORIES
S13 12T88,CASCADE W/CLIP,20,40,40,HAIR A,HAIR ACCESORIES
S6 4/30T,CASCADE/CURLY W/CLIP,20,40,40,HAIR A,HAIR ACCESORIES
S13 88/27,CASCADE W/CLIP,20,40,40,HAIR A,HAIR ACCESORIES
S8 10/13,CASCADE/CURLY W/CLIP,20,40,40,HAIR A,HAIR ACCESORIES
S10 10/25T,CASCADE W/CLIP-PERM,20,40,40,HAIR A,HAIR ACCESORIES
S10 12T88,CASCADE W/CLIP-PERM,20,40,40,HAIR A,HAIR ACCESORIES
S12 10/13,CASCADE W/CLIP-SHORT/CURLY,20,40,40,HAIR A,HAIR ACCESORIES
S12 12T88,CASCADE W/CLIP-SHORT/CURLY,20,40,40,HAIR A,HAIR ACCESORIES
S13 1/6,CASCADE W/CLIP,20,40,40,HAIR A,HAIR ACCESORIES
S13 10,CASCADE W/CLIP,20,40,40,HAIR A,HAIR ACCESORIES
S13 10/13,CASCADE W/CLIP,20,40,40,HAIR A,HAIR ACCESORIES
S8 25/144/6,CASCADE/CURLY W/CLIP,20,40,40,HAIR A,HAIR ACCESORIES
S10 27/30,CASCADE W/CLIP-PERM,20,40,40,HAIR A,HAIR ACCESORIES
S10 88T27,CASCADE W/CLIP-PERM,20,40,40,HAIR A,HAIR ACCESORIES
S10 88/27,CASCADE W/CLIP-PERM,20,40,40,HAIR A,HAIR ACCESORIES
S13 25/144/6,CASCADE W/CLIP,20,40,40,HAIR A,HAIR ACCESORIES
S13 27V66,CASCADE W/CLIP,20,40,40,HAIR A,HAIR ACCESORIES
S17 88T27,,20,40,40,HAIR A,HAIR ACCESORIES
S13 1,CASCADE W/CLIP,20,40,40,HAIR A,HAIR ACCESORIES
S8 88/27,CASCADE/CURLY W/CLIP,20,40,40,HAIR A,HAIR ACCESORIES
S12 23B25,CASCADE W/CLIP-SHORT/CURLY,20,40,40,HAIR A,HAIR ACCESORIES
S10 10/12,CASCADE W/CLIP-PERM,20,40,40,HAIR A,HAIR ACCESORIES
S13 30/3,CASCADE W/CLIP,20,40,40,HAIR A,HAIR ACCESORIES
S6 10,CASCADE/CURLY W/CLIP,20,40,40,HAIR A,HAIR ACCESORIES
S6 10/13,CASCADE/CURLY W/CLIP,20,40,40,HAIR A,HAIR ACCESORIES
S8 1/6,CASCADE/CURLY W/CLIP,20,40,40,HAIR A,HAIR ACCESORIES
S6 88/27,CASCADE/CURLY W/CLIP,20,40,40,HAIR A,HAIR ACCESORIES
S8 27V66,CASCADE/CURLY W/CLIP,20,40,40,HAIR A,HAIR ACCESORIES
S8 23B25,CASCADE/CURLY W/CLIP,20,40,40,HAIR A,HAIR ACCESORIES
S10 30/33,CASCADE W/CLIP-PERM,20,40,40,HAIR A,HAIR ACCESORIES
S12 10,CASCADE W/CLIP-SHORT/CURLY,20,40,40,HAIR A,HAIR ACCESORIES
S10 23B25,CASCADE W/CLIP-PERM,20,40,40,HAIR A,HAIR ACCESORIES
S10 20/27,CASCADE W/CLIP-PERM,20,40,40,HAIR A,HAIR ACCESORIES
S6 1,CASCADE/CURLY W/CLIP,20,40,40,HAIR A,HAIR ACCESORIES
S8 1,CASCADE/CURLY W/CLIP,20,40,40,HAIR A,HAIR ACCESORIES
S10 1,CASCADE W/CLIP-PERM,20,40,40,HAIR A,HAIR ACCESORIES
S8 10,CASCADE/CURLY W/CLIP,20,40,40,HAIR A,HAIR ACCESORIES
S10 120-220,CASCADE W/CLIP-PERM,20,40,40,HAIR A,HAIR ACCESORIES
S12 1,CASCADE W/CLIP-SHORT/CURLY,20,40,40,HAIR A,HAIR ACCESORIES
S12 107/2,CASCADE W/CLIP-SHORT/CURLY,20,40,40,HAIR A,HAIR ACCESORIES
S10 27/10,CASCADE W/CLIP-PERM,20,40,40,HAIR A,HAIR ACCESORIES
S13 4/30T,CASCADE W/CLIP,20,40,40,HAIR A,HAIR ACCESORIES
S6 25/144/6,CASCADE/CURLY W/CLIP,20,40,40,HAIR A,HAIR ACCESORIES
S12 88/27,CASCADE W/CLIP-SHORT/CURLY,20,40,40,HAIR A,HAIR ACCESORIES
S8 12T88,CASCADE/CURLY W/CLIP,20,40,40,HAIR A,HAIR ACCESORIES
S13 B1,CASCADE W/CLIP,20,40,40,HAIR A,HAIR ACCESORIES
S12 4/30T,CASCADE W/CLIP-SHORT/CURLY,20,40,40,HAIR A,HAIR ACCESORIES
S17 88/27,,20,40,40,HAIR A,HAIR ACCESORIES
S12 25/144/6,CASCADE W/CLIP-SHORT/CURLY,20,40,40,HAIR A,HAIR ACCESORIES
S10 25/32/30,CASCADE W/CLIP-PERM,20,40,40,HAIR A,HAIR ACCESORIES
S8 88T2710,CASCADE/CURLY W/CLIP,20,40,40,HAIR A,HAIR ACCESORIES
S27 1/B33,,20,40,40,HAIR A,HAIR ACCESORIES
S27 10/25T,,20,40,40,HAIR A,HAIR ACCESORIES
S27 27/10,,20,40,40,HAIR A,HAIR ACCESORIES
S27 27/30,,20,40,40,HAIR A,HAIR ACCESORIES
S27/25/32/30,,20,40,40,HAIR A,HAIR ACCESORIES
S27 88T257,,20,40,40,HAIR A,HAIR ACCESORIES
S27 88T27/10,,20,40,40,HAIR A,HAIR ACCESORIES
S28 1/B33,,20,40,40,HAIR A,HAIR ACCESORIES
S28 10/25T,,20,40,40,HAIR A,HAIR ACCESORIES
S28 27/10,,20,40,40,HAIR A,HAIR ACCESORIES
S28 25/32/30,,20,40,40,HAIR A,HAIR ACCESORIES
S28 88T27,,20,40,40,HAIR A,HAIR ACCESORIES
S28 88T27/10,,20,40,40,HAIR A,HAIR ACCESORIES
S28 27/30,,20,40,40,HAIR A,HAIR ACCESORIES
S14 1/B3,CASCADE W/CLIP-LONG/CURLY,25,50,50,HAIR A,HAIR ACCESORIES
S14 1/B33,CASCADE W/CLIP-LONG/CURLY,25,50,50,HAIR A,HAIR ACCESORIES
S14 10/12,CASCADE W/CLIP-LONG/CURLY,25,50,50,HAIR A,HAIR ACCESORIES
S14 10/25T,CASCADE W/CLIP-LONG/CURLY,25,50,50,HAIR A,HAIR ACCESORIES
S14 120-220,CASCADE W/CLIP-LONG/CURLY,25,50,50,HAIR A,HAIR ACCESORIES
S14 27/10,CASCADE W/CLIP-LONG/CURLY,25,50,50,HAIR A,HAIR ACCESORIES
S14 27/30,CASCADE W/CLIP-LONG/CURLY,25,50,50,HAIR A,HAIR ACCESORIES
S14 20/27,CASCADE W/CLIP-LONG/CURLY,25,50,50,HAIR A,HAIR ACCESORIES
S14 25/32/30,CASCADE W/CLIP-LONG/CURLY,25,50,50,HAIR A,HAIR ACCESORIES
S14 30/33,CASCADE W/CLIP-LONG/CURLY,25,50,50,HAIR A,HAIR ACCESORIES
S14 4/27T,CASCADE W/CLIP-LONG/CURLY,25,50,50,HAIR A,HAIR ACCESORIES
S14 4/35T,CASCADE W/CLIP-LONG/CURLY,25,50,50,HAIR A,HAIR ACCESORIES
S14 8,CASCADE W/CLIP-LONG/CURLY,25,50,50,HAIR A,HAIR ACCESORIES
S14 88T27,CASCADE W/CLIP-LONG/CURLY,25,50,50,HAIR A,HAIR ACCESORIES
S16 1/B3,CASCADE W/CLIP-LONG/WAVY,25,50,50,HAIR A,HAIR ACCESORIES
S16 1/B33,CASCADE W/CLIP-LONG/WAVY,25,50,50,HAIR A,HAIR ACCESORIES
S16 10/12,CASCADE W/CLIP-LONG/WAVY,25,50,50,HAIR A,HAIR ACCESORIES
S16 120-220,CASCADE W/CLIP-LONG/WAVY,25,50,50,HAIR A,HAIR ACCESORIES
S16 27/10,CASCADE W/CLIP-LONG/WAVY,25,50,50,HAIR A,HAIR ACCESORIES
S16 27/30,CASCADE W/CLIP-LONG/WAVY,25,50,50,HAIR A,HAIR ACCESORIES
S16 20/27,CASCADE W/CLIP-LONG/WAVY,25,50,50,HAIR A,HAIR ACCESORIES
S16 25/32/30,CASCADE W/CLIP-LONG/WAVY,25,50,50,HAIR A,HAIR ACCESORIES
S16 30/33,CASCADE W/CLIP-LONG/WAVY,25,50,50,HAIR A,HAIR ACCESORIES
S16 4/27T,CASCADE W/CLIP-LONG/WAVY,25,50,50,HAIR A,HAIR ACCESORIES
S16 4/35T,CASCADE W/CLIP-LONG/WAVY,25,50,50,HAIR A,HAIR ACCESORIES
S16 6/4,CASCADE W/CLIP-LONG/WAVY,25,50,50,HAIR A,HAIR ACCESORIES
S16 88T27,CASCADE W/CLIP-LONG/WAVY,25,50,50,HAIR A,HAIR ACCESORIES
S16 8,CASCADE W/CLIP-LONG/WAVY,25,50,50,HAIR A,HAIR ACCESORIES
S16 10/13,CASCADE W/CLIP-LONG/WAVY,25,50,50,HAIR A,HAIR ACCESORIES
S21 4/27T,,20,50,50,HAIR A,HAIR ACCESORIES
S21 25/144/6,,25,50,50,HAIR A,HAIR ACCESORIES
S21 25/32/30,,25,50,50,HAIR A,HAIR ACCESORIES
S21 30/33,,25,50,50,HAIR A,HAIR ACCESORIES
S14 23B25,CASCADE W/CLIP-LONG/CURLY,25,50,50,HAIR A,HAIR ACCESORIES
S16 88/27,CASCADE W/CLIP-LONG/WAVY,25,50,50,HAIR A,HAIR ACCESORIES
S14 88/27,CASCADE W/CLIP-LONG/CURLY,25,50,50,HAIR A,HAIR ACCESORIES
S14 4/30T,CASCADE W/CLIP-LONG/CURLY,25,50,50,HAIR A,HAIR ACCESORIES
COLOR SWATC,COLOR SWATCH HAIR ACC,25,50,50,HAIR A,HAIR ACCESORIES
S16 12T88,CASCADE W/CLIP-LONG/WAVY,25,50,50,HAIR A,HAIR ACCESORIES
S16 4/30T,CASCADE W/CLIP-LONG/WAVY,25,50,50,HAIR A,HAIR ACCESORIES
S14 25/144/6,CASCADE W/CLIP-LONG/CURLY,25,50,50,HAIR A,HAIR ACCESORIES
S21 88T27,,25,50,50,HAIR A,HAIR ACCESORIES
S16 10,CASCADE W/CLIP-LONG/WAVY,25,50,50,HAIR A,HAIR ACCESORIES
S22 10,,25,50,50,HAIR A,HAIR ACCESORIES
S14 10/13,CASCADE W/CLIP-LONG/CURLY,25,50,50,HAIR A,HAIR ACCESORIES
S21 20/27,,25,50,50,HAIR A,HAIR ACCESORIES
S21 88/27,,25,50,50,HAIR A,HAIR ACCESORIES
S22 4/30T,,25,50,50,HAIR A,HAIR ACCESORIES
S22 1/B3,,25,50,50,HAIR A,HAIR ACCESORIES
S22 1/B33,,25,50,50,HAIR A,HAIR ACCESORIES
S22 10/12,,25,50,50,HAIR A,HAIR ACCESORIES
S22 10/25T,,25,50,50,HAIR A,HAIR ACCESORIES
S22 120/220,,25,50,50,HAIR A,HAIR ACCESORIES
S22 27/10,,25,50,50,HAIR A,HAIR ACCESORIES
S22 27/30,,25,50,50,HAIR A,HAIR ACCESORIES
S22 20/27,,25,50,50,HAIR A,HAIR ACCESORIES
S22 25/144/6,,25,50,50,HAIR A,HAIR ACCESORIES
S22 25/32/30,,25,50,50,HAIR A,HAIR ACCESORIES
S22 30/33,,25,50,50,HAIR A,HAIR ACCESORIES
S22 4/27T,,25,50,50,HAIR A,HAIR ACCESORIES
S22 4/35T,,25,50,50,HAIR A,HAIR ACCESORIES
S22 6/4,,25,50,50,HAIR A,HAIR ACCESORIES
S22 8,,25,50,50,HAIR A,HAIR ACCESORIES
S22 88T27,,25,50,50,HAIR A,HAIR ACCESORIES
S22 88T27/10,,25,50,50,HAIR A,HAIR ACCESORIES
S21 23B25,,25,50,50,HAIR A,HAIR ACCESORIES
S14 1B,CASCADE W/CLIP-LONG/CURLY,25,50,50,HAIR A,HAIR ACCESORIES
S24 1/B33,,25,50,50,HAIR A,HAIR ACCESORIES
S24 25/32/30,,25,50,50,HAIR A,HAIR ACCESORIES
S24 88T27,,25,50,50,HAIR A,HAIR ACCESORIES
S24 88T27/10,,25,50,50,HAIR A,HAIR ACCESORIES
S40 27/10,SHORT BOB/HEADBAND,50,100,100,HAIR A,HAIR ACCESORIES
S40 5/27T,SHORT BOB/HEADBAND,50,100,100,HAIR A,HAIR ACCESORIES
S40 1B33,SHORT BOB/HEADBAND,50,100,100,HAIR A,HAIR ACCESORIES
S40 10/25T,SHORT BOB/HEADBAND,50,100,100,HAIR A,HAIR ACCESORIES
S40 25/32/30,SHORT BOB/HEADBAND,50,100,100,HAIR A,HAIR ACCESORIES
S40 88T27,SHORT BOB/HEADBAND,50,100,100,HAIR A,HAIR ACCESORIES
S42 1B33,LONG-STRAIGHT/HEADBAND,50,100,100,HAIR A,HAIR ACCESORIES
S42 10/25T,LONG-STRAIGHT/HEADBAND,50,100,100,HAIR A,HAIR ACCESORIES
S42 27/30,LONG-STRAIGHT/HEADBAND,50,100,100,HAIR A,HAIR ACCESORIES
S42 25/32/30,LONG-STRAIGHT/HEADBAND,50,100,100,HAIR A,HAIR ACCESORIES
S42 88T27,LONG-STRAIGHT/HEADBAND,50,100,100,HAIR A,HAIR ACCESORIES
S40 8,SHORT BOB/HEADBAND,50,100,100,HAIR A,HAIR ACCESORIES
S42 27/10,LONG-STRAIGHT/HEADBAND,50,100,100,HAIR A,HAIR ACCESORIES
S42 8,LONG-STRAIGHT/HEADBAND,50,100,100,HAIR A,HAIR ACCESORIES
S40 4/27T,SHORT BOB/HEADBAND,50,100,100,HAIR A,HAIR ACCESORIES
S42 1/B33,LONG-STRAIGHT/HEADBAND,50,100,100,HAIR A,HAIR ACCESORIES
BSFM-2,BOTAN SILK FINISHING MIST  2,1.85,3.7,3.7,HASPRAY,HAIR SPRAY
CIT-2,CIT  2Z,1.85,3.7,3.7,HASPRAY,HAIR SPRAY
EYHS-2,EXPRESS YOURSELF SPRAY  2Z,1.85,3.7,3.7,HASPRAY,HAIR SPRAY
BSFM-8,BOTAN SILK FINISHING MIST  8,4.5,10,11,HASPRAY,HAIR SPRAY
CIT-8,CIT  8Z,4.5,10,11,HASPRAY,HAIR SPRAY
EYHS-8,EXPRESS YOURSELF SPRAY  8Z,4.5,10,11,HASPRAY,HAIR SPRAY
BSHS-10,BOTAN SILK HAIR SPRAY 10Z,6,12,14,HASPRAY,HAIR SPRAY
STRONGSPRAY,JA STRONG HAIR SPRAY,6.5,14,15,HASPRAY,HAIR SPRAY
VOLUMESPRAY,JA VOLUME HAIR SPRAY 400 ML,6.5,14,15,HASPRAY,HAIR SPRAY
SHINE SPRAY,,7,15,16,HASPRAY,HAIR SPRAY
BSFM-16,BOTAN SILK FINISHING MIST 16,8.25,18.5,19.5,HASPRAY,HAIR SPRAY
CIT-16,CIT 16Z,8.25,18.5,19.5,HASPRAY,HAIR SPRAY
EYHS-16,EXPRESS YOURSELF SPRAY 16Z,8.25,18.5,19.5,HASPRAY,HAIR SPRAY
BSFM-32,BOTAN SILK FINISHING MIST 32,12.75,28.5,29.5,HASPRAY,HAIR SPRAY
EYHS-32,EXPRESS YOURSELF SPRAY 32Z,12.75,28.5,29.5,HASPRAY,HAIR SPRAY
CIT-32,CIT 32Z,12.75,28.9,29.9,HASPRAY,HAIR SPRAY
BSFM-128,BOTAN SILK FINISHING MIST GA,27.45,58.9,59.9,HASPRAY,HAIR SPRAY
CIT-128,CIT GAL                 *,27.45,59,60,HASPRAY,HAIR SPRAY
EYHS-128,EXPRESS YOURSELF SPRAY GAL,27.45,59,60,HASPRAY,HAIR SPRAY
1 N NERO,1 N NERO,7.75,0,0,COLCREAM,JALYD COLOR CREAM
1 NERO,1 NERO BLU,7.75,0,0,COLCREAM,JALYD COLOR CREAM
1 V NERO,1 V NERO VIOLINO,7.75,0,0,COLCREAM,JALYD COLOR CREAM
10 D BIONDO,10 D BIONDO CH.MO CHAMPAGNE,7.75,0,0,COLCREAM,JALYD COLOR CREAM
10 N BIONDO,10 N BIONDO PASTELLO,7.75,0,0,COLCREAM,JALYD COLOR CREAM
2 N BRUNO          *,NOT AVAILABLE,7.75,0,0,COLCREAM,JALYD COLOR CREAM
3 M MOGANO,3 M MOGANO CHIARO,7.75,0,0,COLCREAM,JALYD COLOR CREAM
3 N CASTANO,3 N CASTANO SCURO,7.75,0,0,COLCREAM,JALYD COLOR CREAM
3 V PRUGNA,3 V PRUGNA SCURO,7.75,0,0,COLCREAM,JALYD COLOR CREAM
4 D CASTANO,4 D CASTANO CHIARO DORATO,7.75,0,0,COLCREAM,JALYD COLOR CREAM
4 M MOGANO,4 M MOGANO,7.75,0,0,COLCREAM,JALYD COLOR CREAM
4 N CASTANO,4 N CASTANO,7.75,0,0,COLCREAM,JALYD COLOR CREAM
4 R CASTANO,4 R CASTANO RAMATO,7.75,0,0,COLCREAM,JALYD COLOR CREAM
4 V PRUGNA,4 V PRUGNA,7.75,0,0,COLCREAM,JALYD COLOR CREAM
5 C CASTANO,5 C CASTANO CHIARO CENERE,7.75,0,0,COLCREAM,JALYD COLOR CREAM
5 D CASTANO,5 D CASTANO CHIARO DORATO,7.75,0,0,COLCREAM,JALYD COLOR CREAM
5 M MOGANO,5 M MOGANO CHIARO,7.75,0,0,COLCREAM,JALYD COLOR CREAM
5 N CASTANO,5 N CASTANO CHIARO,7.75,0,0,COLCREAM,JALYD COLOR CREAM
5 R CASTANO,5 R CASTANO CHIARO RAMATO,7.75,0,0,COLCREAM,JALYD COLOR CREAM
5 V PRUGNA,5 V PRUGNA CHIARO,7.75,0,0,COLCREAM,JALYD COLOR CREAM
5VEN,5VEN,7.75,0,0,COLCREAM,JALYD COLOR CREAM
6 C BIONDO,6 C BIONDO SCURO CENERE,7.75,0,0,COLCREAM,JALYD COLOR CREAM
6 D BIONDO,6 D BIONDO SCURO DORATO,7.75,0,0,COLCREAM,JALYD COLOR CREAM
6 N BIONDO,6 N BIONDO SCURO,7.75,0,0,COLCREAM,JALYD COLOR CREAM
6 R BIONDO,6 R BIONDO SCURO RAMATO,7.75,0,0,COLCREAM,JALYD COLOR CREAM
6DR,6DR COLOR,7.75,0,0,COLCREAM,JALYD COLOR CREAM
6RV ROSSO,6RV ROSSO SCURO VIVO,7.75,0,0,COLCREAM,JALYD COLOR CREAM
6VEN ROSSO,6VEN ROSSO VENEZIANO,7.75,0,0,COLCREAM,JALYD COLOR CREAM
7 C BIONDO,7 C BIONDO CENERE,7.75,0,0,COLCREAM,JALYD COLOR CREAM
7 D BIONDO,7 D BIONDO DORATO,7.75,0,0,COLCREAM,JALYD COLOR CREAM
7 N BIONDO,7 N BIONDO,7.75,0,0,COLCREAM,JALYD COLOR CREAM
7 R BIONDO,7 R BIONDO RAMATO,7.75,0,0,COLCREAM,JALYD COLOR CREAM
7AR,7AR,7.75,0,0,COLCREAM,JALYD COLOR CREAM
7DR,7DR COLOR,7.75,0,0,COLCREAM,JALYD COLOR CREAM
7NC BIONDO,7NC BIONDO NOCCIOLA,7.75,0,0,COLCREAM,JALYD COLOR CREAM
7RV ROSSO,7RV ROSSO ACCESO,7.75,0,0,COLCREAM,JALYD COLOR CREAM
7TIZ ROSSO,7TIZ ROSSO TIZIANO,7.75,0,0,COLCREAM,JALYD COLOR CREAM
8 C BIONDO,8 C BIONDO CHIARO CENERE,7.75,0,0,COLCREAM,JALYD COLOR CREAM
8 D BIONDO,8 D BIONDO CHIARO DORATO,7.75,0,0,COLCREAM,JALYD COLOR CREAM
8 N BIONDO,8 N BIONDO CHIARO,7.75,0,0,COLCREAM,JALYD COLOR CREAM
8AR,8AR,7.75,0,0,COLCREAM,JALYD COLOR CREAM
8DM BIONDO,8DM BIONDO CHIARO MIELE,7.75,0,0,COLCREAM,JALYD COLOR CREAM
8DR,8DR,7.75,0,0,COLCREAM,JALYD COLOR CREAM
8RS ROSSO,8 RS ROSSO DI SERA,7.75,0,0,COLCREAM,JALYD COLOR CREAM
9 C BIOND,9 C BIONDO CH.MO CENERE,7.75,0,0,COLCREAM,JALYD COLOR CREAM
9 D BIONDO,9 D BIONDOCH.MO DORATO,7.75,0,0,COLCREAM,JALYD COLOR CREAM
9 N BIONDO,9 N BIONDO CHIARISSIMO,7.75,0,0,COLCREAM,JALYD COLOR CREAM
9AR,9AR,7.75,0,0,COLCREAM,JALYD COLOR CREAM
ARANCIO,ARANCIO,7.75,4.9,0,COLCREAM,JALYD COLOR CREAM
CELESTE,CELESTE,7.75,4.9,0,COLCREAM,JALYD COLOR CREAM
CORRE-BLU,CORRETTORE BLU,7.75,0,0,COLCREAM,JALYD COLOR CREAM
CORRE-GIALLO,CORRETTORE GIALLO,7.75,0,0,COLCREAM,JALYD COLOR CREAM
CORRE-GREY,CORRECTOR GREY,7.75,0,0,COLCREAM,JALYD COLOR CREAM
CORRE-ROSSO,CORRETTORE ROSSO,7.75,0,0,COLCREAM,JALYD COLOR CREAM
CORRE-VIOLA,CORRETTORE VIOLA,7.75,0,0,COLCREAM,JALYD COLOR CREAM
FUCSIA,FUCSIA,7.75,0,0,COLCREAM,JALYD COLOR CREAM
LILLIA,LILLIA,7.75,0,0,COLCREAM,JALYD COLOR CREAM
SXB BIONDO,SXB BIONDO ULTRA CHIARO BEIG,7.75,0,0,COLCREAM,JALYD COLOR CREAM
SXC BIONDO,SXC BIONDO ULTRA CHIARO CENE,7.75,0,0,COLCREAM,JALYD COLOR CREAM
SXD BIONDO,SXD BIONDO ULTRA CHIARO DORA,7.75,0,0,COLCREAM,JALYD COLOR CREAM
SXN BIONDO,SXN BIONDO ULTRA CHIARO,7.75,0,0,COLCREAM,JALYD COLOR CREAM
SXNEUTRO,SXNEUTRO RINFORZATORE DI SCH,7.75,0,0,COLCREAM,JALYD COLOR CREAM
VERDE,VERDE,7.75,0,0,COLCREAM,JALYD COLOR CREAM
RED,J KONTRAST RED/ROSSO,4.8,0,0,COLCREAM,JALYD COLOR CREAM
COPPER,J KONTRAST COPPER,4.8,0,0,COLCREAM,JALYD COLOR CREAM
COPPER RED,J KONTRAST COPPER RED,4.8,0,0,COLCREAM,JALYD COLOR CREAM
JCH-1N,JALYD COLOR HEAD 1N NERO,16,0,0,JCH,JALYD COLOR HEADS
JCH-3N,JALYD COLOR HEAD 3N,16,0,0,JCH,JALYD COLOR HEADS
JCH-4N,JALYD COLOR HEAD 4N,16,0,0,JCH,JALYD COLOR HEADS
JCH-5N,JALYD COLOR HEAD 5N,16,0,0,JCH,JALYD COLOR HEADS
JCH-6N,JALYD COLOR HEAD 6N,16,0,0,JCH,JALYD COLOR HEADS
JCH-7N,JALYD COLOR HEAD 7N,16,0,0,JCH,JALYD COLOR HEADS
JCH-8N,JALYD COLOR HEAD 8N,16,0,0,JCH,JALYD COLOR HEADS
JCH-9N,JALYD COLOR HEAD 9N,16,0,0,JCH,JALYD COLOR HEADS
JCH-10N,JALYD COLOR HEAD 10N,16,0,0,JCH,JALYD COLOR HEADS
JCH-3M,JALYD COLOR HEAD 3M,16,0,0,JCH,JALYD COLOR HEADS
JCH-4M,JALYD COLOR HEAD 4M,16,0,0,JCH,JALYD COLOR HEADS
JCH-5M,JALYD COLOR HEAD 5M,16,0,0,JCH,JALYD COLOR HEADS
JCH-5D,JALYD COLOR HEAD,16,0,0,JCH,JALYD COLOR HEADS
JCH-6D,JALYD COLOR HEAD 6D,16,0,0,JCH,JALYD COLOR HEADS
JCH-7D,JALYD COLOR HEAD,16,0,0,JCH,JALYD COLOR HEADS
JCH-8D,JALYD COLOR HEAD 8D,16,0,0,JCH,JALYD COLOR HEADS
JCH-9D,JALYD COLOR HEAD 9D,16,0,0,JCH,JALYD COLOR HEADS
JCH-4R,JALYD COLOR HEAD 4R,16,0,0,JCH,JALYD COLOR HEADS
JCH-5R,JALYD COLOR HEAD 5R,16,0,0,JCH,JALYD COLOR HEADS
JCH-6R,JALYD COLOR HEAD 6R,16,0,0,JCH,JALYD COLOR HEADS
JCH-7R,JALYD COLOR HEAD 7R,16,0,0,JCH,JALYD COLOR HEADS
JCH-8R,JALYD COLOR HEAD 8R,16,0,0,JCH,JALYD COLOR HEADS
JCH-SXN,JALYD COLOR HEAD SXN,16,0,0,JCH,JALYD COLOR HEADS
JCH-SXD,JALYD COLOR HEAD SXD,16,0,0,JCH,JALYD COLOR HEADS
JCH-6RV,JALYD COLOR HEAD 6RV,16,0,0,JCH,JALYD COLOR HEADS
JCH-7RV,JALYD COLOR HEAD,16,0,0,JCH,JALYD COLOR HEADS
JCH-7TIZ,JALYD COLOR HEAD,16,0,0,JCH,JALYD COLOR HEADS
JCH-8RS,JALYD COLOR HEAD 8RS,16,0,0,JCH,JALYD COLOR HEADS
JCH-6VEN,JALYD COLOR HEAD 6VEN,16,0,0,JCH,JALYD COLOR HEADS
JCH-3V,JALYD COLOR HEAD 3V,16,0,0,JCH,JALYD COLOR HEADS
JCH-5V,JALYD COLOR HEAD 5V,16,0,0,JCH,JALYD COLOR HEADS
JCH-MIELE,JALYD COLOR HEAD MIELE,16,0,0,JCH,JALYD COLOR HEADS
JCH-NOCCIOLA,JALYD COLOR HEAD NOCCIOLA,16,0,0,JCH,JALYD COLOR HEADS
JCH-CASTAGNA,JALYD COLOR HEAD CASTAGNA,16,0,0,JCH,JALYD COLOR HEADS
JCH-CIOCCOLATA,JALYD COLOR HEAD CIOCCOLATA,16,0,0,JCH,JALYD COLOR HEADS
JCH-CAFFE,JALYD COLOR HEAD CAFFE,16,0,0,JCH,JALYD COLOR HEADS
SMSIL,SAPHIR MOUSSE SILVER,6.75,14.5,15.5,COLMOUSE,JALYD COLOR MOUSSE
SMABL,SAPHIR MOUSSE BIONDO CENERE,6.75,14.5,16.5,COLMOUSE,JALYD COLOR MOUSSE
SMASH,SAPHIR MOUSSE CENERE,6.75,14.5,16.5,COLMOUSE,JALYD COLOR MOUSSE
SMAUB,SAPHIR MOUSSE CASTANO RAMATO,6.75,14.5,16.5,COLMOUSE,JALYD COLOR MOUSSE
SMBL,SAPHIR MOUSSE BIONDO,6.75,14.5,16.5,COLMOUSE,JALYD COLOR MOUSSE
SMBLK,SAPHIR MOUSSE NERO BLACK,6.75,14.5,16.5,COLMOUSE,JALYD COLOR MOUSSE
SMCHES,SAPHIR MOUSSE CASTANO,6.75,14.5,16.5,COLMOUSE,JALYD COLOR MOUSSE
SMGD,SAPHIR MOUSSE BIONDO DORATO,6.75,14.5,16.5,COLMOUSE,JALYD COLOR MOUSSE
SMGRY,SAPHIR MOUSSE GREGIO TOPO,6.75,14.5,16.5,COLMOUSE,JALYD COLOR MOUSSE
SMMGY,SAPHIR MOUSSE MOGANO,6.75,14.5,16.5,COLMOUSE,JALYD COLOR MOUSSE
SMROSSO,SAPHIR MOUSSE ROSSO,6.75,14.5,16.5,COLMOUSE,JALYD COLOR MOUSSE
SMWHT,SAPHIR MOUSSE BIANCO BRILLAN,6.75,14.5,16.5,COLMOUSE,JALYD COLOR MOUSSE
REMOVAL,JCS REMOVAL,5.25,11.5,12.5,JCS,JALYD COLOR SUPPORT
TONLIGHT,JALYD TONLIGHT SHAMPOO,5.25,11.5,12.5,JCS,JALYD COLOR SUPPORT
COLOR SAVER,JCS COLOR SAVER,5.25,11.5,12.5,JCS,JALYD COLOR SUPPORT
COLOR CARE,JCS COLOR CARE CONDITIONER,6,13,14,JCS,JALYD COLOR SUPPORT
EASY STRAIGHT,JALYD EASY STRAIGHT,5,11,12,JF,JALYD FINISHING
X-TRA FIX,JALYD X-TRA FIX,6,12,14,JF,JALYD FINISHING
SUPER HOLD,JALYD SUPER HOLD,6,13,14,JF,JALYD FINISHING
GLAZING LIFT,JALYD GLAZING LIFT,6,13,14,JF,JALYD FINISHING
GLAZING FIX,JALYD GLAZING FIX,6,13,14,JF,JALYD FINISHING
SOFT WAX,JALYD SOFT WAX,7.5,16,17,JF,JALYD FINISHING
MODELLING POMADE,JALYD MODELLING POMADE 100 M,7.5,16,17,JF,JALYD FINISHING
PLAY GUM,JALYD PLAY GUM,7.5,16,17,JF,JALYD FINISHING
JTC-10N,MILLENIUM 10 N,16,0,0,COLMILL,JALYD MILLENIUM J COLOUR
JTC-1N,MILLENNIUM 1N,16,0,0,COLMILL,JALYD MILLENIUM J COLOUR
JTC-2N,MILLENNIUM 2N,16,0,0,COLMILL,JALYD MILLENIUM J COLOUR
JTC-3N,MILLENIUM 3N,16,0,0,COLMILL,JALYD MILLENIUM J COLOUR
JTC-4N,MILLENNIUM 4N,16,0,0,COLMILL,JALYD MILLENIUM J COLOUR
JTC-5N,MILLENIUM 5N,16,0,0,COLMILL,JALYD MILLENIUM J COLOUR
JTC-6N,MILLENIUM 6N,16,0,0,COLMILL,JALYD MILLENIUM J COLOUR
JTC-7N,MILLENNIUM 7N,16,0,0,COLMILL,JALYD MILLENIUM J COLOUR
JTC-8N,MILLENIUM 8N,16,0,0,COLMILL,JALYD MILLENIUM J COLOUR
JTC-9N,MILLENIUM 9N,16,0,0,COLMILL,JALYD MILLENIUM J COLOUR
JTC-C1,C 1 CENERE,16,0,0,COLMILL,JALYD MILLENIUM J COLOUR
JTC-C2,C 2 DORATO,16,0,0,COLMILL,JALYD MILLENIUM J COLOUR
JTC-C3,C 3 MOGANO,16,0,0,COLMILL,JALYD MILLENIUM J COLOUR
JTC-C4,C 4 RAME,16,0,0,COLMILL,JALYD MILLENIUM J COLOUR
JTC-C5,C 5 VIOLA,16,0,0,COLMILL,JALYD MILLENIUM J COLOUR
JTC-C6,C 6 ROSSO,16,0,0,COLMILL,JALYD MILLENIUM J COLOUR
JTC-C7,C 7 ARANCIO,16,0,0,COLMILL,JALYD MILLENIUM J COLOUR
JTC-KITA,MILLENNIUM COLOR KIT,399,0,0,COLMILL,JALYD MILLENIUM J COLOUR
JTC-S1,S1 CENERE,16,0,0,COLMILL,JALYD MILLENIUM J COLOUR
JTC-S2,S2 DORATO,16,0,0,COLMILL,JALYD MILLENIUM J COLOUR
JTC-S4,S4 RAME,16,0,0,COLMILL,JALYD MILLENIUM J COLOUR
JTC-SCALE          *,MILLENNIUM SCALE,30,0,0,COLMILL,JALYD MILLENIUM J COLOUR
JTC-SN,SN NATURALE,16,0,0,COLMILL,JALYD MILLENIUM J COLOUR
JTC-KIT,MILLENIUM COLOR KIT,399,0,0,COLMILL,JALYD MILLENIUM J COLOUR
ETHNIC KIT         *,ETHNIC KIT,59,0,0,KIT,KIT
K-DISCOVER         *,DISCOVERY KIT,59,0,0,KIT,KIT
K-STUDENT          *,Student Kit,59,0,0,KIT,KIT
WDECAL             *,JA WINDOW DECAL,3,0,0,MARKET,MARKETING
MGEL-2,MEN GEL,2.25,4.5,4.5,MENLINE,MENS LINE
MCOND-2,MEN CONDITIONER 2OZ,2.25,4.5,4.5,MENLINE,MENS LINE
MHAIRSPRAY-2,MEN HAIR SPRAY,2.25,4.5,4.5,MENLINE,MENS LINE
SHAVE-2,SHAVE BALM 2Z,2.6,5.2,5.2,MENLINE,MENS LINE
MGEL-8.5,JA MEN GEL,5,11,12,MENLINE,MENS LINE
SHAVE-8,SHAVE BALM 8Z,5.25,11.5,12.5,MENLINE,MENS LINE
MCOND-8.5,JA MEN CONDITIONER 8.5 OUNCE,5.5,12,13,MENLINE,MENS LINE
MHAIRSPRAY-8.5,JA MEN HAIR SPRAY,5.5,12,13,MENLINE,MENS LINE
MSHOWERGEL-8.5,MENS SHOWER GEL 8.5 OUNCE,5.5,12,13,MENLINE,MENS LINE
RETINOL,RETINOL,36,74,75,MENLINE,MENS LINE
COPYCAT101         *,COPYCAT 101 BOOK,6,6,6,MISC,MISCELLANEOUS
POSTCARD           *,RECRUITMENT POSTCARDS,10,10,10,MISC,MISCELLANEOUS
ACTION JACK MILD   *,Action Jackson Mild,7,14,14,MISC,MISCELLANEOUS
ACTION JACK SPICY  *,Action Jackson Spicy,7,14,14,MISC,MISCELLANEOUS
BZ SILVER,BARBARA ZARRELLA SILVER,20,40,40,MISC,MISCELLANEOUS
BZ GOLD,BARBARA ZARRELLA GOLD,20,40,40,MISC,MISCELLANEOUS
PRODUCT VIDEO,PRODUCT KNOWLEDGE VIDEO,100,100,100,MRKT,MRKT
ENDWRAP-J          *,MIS END WRAP PREFLD JMB,12,0,0,PERMSUPP,PERM SUPPORT
ENDWRAP-R          *,MIS END WRAP PREFLD REG,12,0,0,PERMSUPP,PERM SUPPORT
WRIST WRAPER,WRIST WRAPER,9.95,0,0,PERMSUPP,PERM SUPPORT
BSPERM,BOTAN SILK PERM *,3.5,0,0,PERMS,PERMS
BSPERMX,BOTAN SILK PERM XTRA BODY *,3.5,0,0,PERMS,PERMS
COOL-IT,COOL-IT,9.95,0,0,PERMS,PERMS
ESPPERM,ESP PERM,2.5,0,0,PERMS,PERMS
JITPERM,JUST IN TIME PERM,3.5,0,0,PERMS,PERMS
JITPERM-G,JUST IN TIME PERM GENTLE,3.5,0,0,PERMS,PERMS
NHPERM-C,NEW HORIZON WAVE COARSE,4.5,0,0,PERMS,PERMS
NHPERM-G,NEW HORIZON WAVE GENTLE,4.5,0,0,PERMS,PERMS
NHPERM-R,NEW HORIZON WAVE REGULAR *,4.5,0,0,PERMS,PERMS
PERPERM-G,PERMISSION PERM GENTLE FRMLA,3.5,0,0,PERMS,PERMS
PERPERM-R,PERMISSION PERM FULL FRMLA *,3.5,0,0,PERMS,PERMS
PERPERM-X,PERMISSION PERM XTRA-BODY,2.49,0,0,PERMS,PERMS
PRE-32,PRE WRAP SOLUTION 32Z,9,0,0,PERMS,PERMS
PROPERMS,PRO SYSTEM PERMS,1.5,0,0,PERMS,PERMS
PROPERMSNEUT,PRO SYSTEM NEUTILIZER,4.25,0,0,PERMS,PERMS
PUMP-LTR           *,MIS PUMP for LITERS,1,1,1,PUMPS,PUMPS
PUMP-16            *,MIS PUMP FOR 16Z JAR,2.5,2.5,2.5,PUMPS,PUMPS
PUMP-GAL           *,PUMP-GALLON,5,5,5,PUMPS,PUMPS
DURA-8,RA DURA-FINI' 8Z,5,11,12,RAZORART,RAZOR ART
WHIP-8,RA WHIPPE' COND VOLUMIZER 8Z,5.5,12,13,RAZORART,RAZOR ART
FRAP-12,RA FRAPPE' VOL SHAMPOO 16Z,5.75,12.5,13.5,RAZORART,RAZOR ART
GLIS-4,RA GLISTEN 4Z,6,13,14,RAZORART,RAZOR ART
BRUL-12,RA BRULEE' CREME COND 16z,6.25,13.5,14.5,RAZORART,RAZOR ART
FRAP-32,FRAPPE SHAMPOO 32z,9.75,22.5,23.5,RAZORART,RAZOR ART
WHIP-32,RA WHIPPE' COND VOLUMIZER 32,15.75,34.5,35.5,RAZORART,RAZOR ART
BLADES,JOHN AMICO BLADES,14,0,0,RAZORS,RAZORS
RAZOR-JA           *,JOHN AMICO RAZOR,40,0,0,RAZORS,RAZORS
CTW-16-A,CTW A MILD RELAXER 16OZ,6,0,0,RELAXER,RELAXER
CTW-16-A+,CTW A+ REGULAR 160Z RELAXER,6,0,0,RELAXER,RELAXER
CTW-16-SUPER,CTW-SUPER-RELAXER 160Z,6,0,0,RELAXER,RELAXER
CTW-MSH,CTW NEUTRALIZING SHAMPOO,4.5,0,0,RELAXER,RELAXER
CTW-R A  4#,MILD CTW RELAXER A 4 #,18,0,0,RELAXER,RELAXER
CTW-R S 4#,SUPER CTW-RELAXER SUPER 4#,18,0,0,RELAXER,RELAXER
CTW-R-A+ 4#,REGULAR CTW REAXER A+ 4#,18,0,0,RELAXER,RELAXER
DEV20-4,ENZYME DEVELOPER 20 V  4z,5,0,0,SAMPLES,SAMPLES
DURAGL-2,DURAGLOSS-2,5,0,0,SAMPLES,SAMPLES
UGLZ-4             *,ULTRA GLAZING  4Z *,6.5,0,0,SAMPLES,SAMPLES
SD SHAMPOO,JA SATIN DOLL SHAMPOO,4.9,9.8,9.8,SATIN,SATIN DOLL
SD CONDITIONER,JA SATIN DOLL CONDITIONER,4.9,9.8,9.8,SATIN,SATIN DOLL
SD HAIR SPRAY,JA SATIN DOLL HAIR SPRAY,4.9,9.8,9.8,SATIN,SATIN DOLL
BLSAND,BLEACHING SAND,19.95,0,0,SERVICE,SERVICE
DEV10-16,GLAZING ENZYME 10 16Z,9.95,0,0,SERVICE,SERVICE
DEV10-32,GLAZING ENZYME 10 32Z,14.95,0,0,SERVICE,SERVICE
DEV20-16,GLAZING ENZYME 20 16Z,9.95,0,0,SERVICE,SERVICE
DEV20-32,GLAZING ENZYME 20 32Z,14.95,0,0,SERVICE,SERVICE
DEV30-16,GLAZING ENZYME 30 16Z,10.95,0,0,SERVICE,SERVICE
DEV30-32,GLAZING ENZYME 30 32Z,16.5,0,0,SERVICE,SERVICE
DEV40-16,GLAZING ENZYME 40 16Z,12.5,0,0,SERVICE,SERVICE
DEV40-32,GLAZING ENZYME 40 32Z,17.95,0,0,SERVICE,SERVICE
DURAGL-16,DURAGLOSS 16z,16,0,0,SERVICE,SERVICE
GENTLE-16,GENTLE DEPOSIT ENZYME,9.95,0,0,SERVICE,SERVICE
GENTLE-32,GENTLE DEPOSIT HYDRO ENZYME,14.95,0,0,SERVICE,SERVICE
GLZ-16,GLAZING 16Z   *,9.95,0,0,SERVICE,SERVICE
GLZ-4,GLAZING  4Z  *,5,0,0,SERVICE,SERVICE
KITDEV             *,KIT DEVELOPER,0,0,0,SERVICE,SERVICE
STGLZ-2,STAR GLAZING 2Z,5,0,0,SERVICE,SERVICE
STGLZ-8,STAR GLAZING 8z,9.95,0,0,SERVICE,SERVICE
TCA,THE COLOR ACCELERATOR,20,0,0,SERVICE,SERVICE
UGLZ-16,ULTRA GLAZING 16Z *,12.95,0,0,SERVICE,SERVICE
BAG-HEAD           *,MIS BAG HEAD,34,0,0,AIDS,SERVICE AIDS
SANSOL-32,SANISOL QUART,14,28,28,AIDS,SERVICE AIDS
EFF-128,EFFALATION SHAM GAL       *,39.95,25.96,0,SHAMPOO,SHAMPOO
GLZSHR-8,GLAZE INT SHAM RED 8Z,4.75,3.08,0,SHAMPOO,SHAMPOO
BSKIWI-1           *,BOTANICAL SILK KIWI SH 1z,0.55,1.7,1.7,SHAMPOO,SHAMPOO
EPA-1              *,EPA SHAM  1Z               1,0.55,1.7,1.7,SHAMPOO,SHAMPOO
GLZSHC-1           *,GLAZING C C SPOO 1z,0.55,1.7,1.7,SHAMPOO,SHAMPOO
PERSH-1            *,PERMISSION SHAM  1Z,0.55,1.7,1.7,SHAMPOO,SHAMPOO
COMBK-1            *,COMEBACK SHAMPOO 1OZ,0.6,1.7,1.7,SHAMPOO,SHAMPOO
EPA-2,EPA SHAM  2Z,1.35,2.7,2.7,SHAMPOO,SHAMPOO
BSKIWI-2,BOTANICAL SILK KIWI SHAMPOO,1.6,3.2,3.2,SHAMPOO,SHAMPOO
CHLSH-2,CHLORIMED SHAM  2Z,1.6,3.2,3.2,SHAMPOO,SHAMPOO
PERSH-2,PERMISSION SHAM  2Z,1.6,3.2,3.2,SHAMPOO,SHAMPOO
GLZSHC-2,GLAZE INT SHAM CLEAR  2Z,1.85,3.7,3.7,SHAMPOO,SHAMPOO
GLZSHCX-2,COLOR CARE EXTRA 2 OZ,1.85,3.7,3.7,SHAMPOO,SHAMPOO
COMBK-2,COME BACK SHAMPOO 2z,2.1,4.2,4.2,SHAMPOO,SHAMPOO
GLZSHP-2,GLAZING SHAMPOO PLATINUM 2OZ,3,6,6,SHAMPOO,SHAMPOO
EPA-8,EPA SHAM  8,3.75,7.5,9.5,SHAMPOO,SHAMPOO
CEA-8,CEA SHAM  8Z,4,9,10,SHAMPOO,SHAMPOO
PERSH-8,PERMISSION SHAM  8Z,4,9,10,SHAMPOO,SHAMPOO
BSKIWI-8,BOTANICAL SILK KIWI SHAMPOO,4.25,9.5,10.5,SHAMPOO,SHAMPOO
CHLSH-8,CHLORIMED SHAM  8Z,4.25,9.5,10.5,SHAMPOO,SHAMPOO
SHAMPOO EXPRESS-8,SHAMPOO EXPRESS YOURSELF  8Z,4.25,9.5,10.5,SHAMPOO,SHAMPOO
GLZSHC-8,GLAZE INT SHAM CLEAR  8Z,4.5,10,11,SHAMPOO,SHAMPOO
MEDA-8,MEDA CLEAR SHAM   8Z,4.5,10,11,SHAMPOO,SHAMPOO
GLZSHCX-8,GLAZING SHAMPOO EXTRA,5,11,12,SHAMPOO,SHAMPOO
GLZSHP-8,GLAZING SHAMPOO PLATINUM 8 O,5,11,12,SHAMPOO,SHAMPOO
COMBK-8,COMEBACK 8z,5.5,12,13,SHAMPOO,SHAMPOO
PERSH-16,PERMISSION SHAM 16Z,7,15,16,SHAMPOO,SHAMPOO
EPA-16,EPA SHAM 16Z,7,16,17,SHAMPOO,SHAMPOO
GLZSHC-16,GLAZE INT SHAM CLEAR 16Z,7,16,17,SHAMPOO,SHAMPOO
CEA-16,CEA SHAM 16Z,7.5,17,18,SHAMPOO,SHAMPOO
BSKIWI-16,BOT. SILK KIWI SHAMPOO 16 OU,7.75,17.5,18.5,SHAMPOO,SHAMPOO
CHLSH-16,CHLORIMED SHAM 16Z,8,18,19,SHAMPOO,SHAMPOO
MEDA-16,MEDA CLEAR SHAM  16Z,8,20,21,SHAMPOO,SHAMPOO
EPA-32,EPA SHAM 32Z,9.75,22.5,23.5,SHAMPOO,SHAMPOO
GLZSHC-32,GLAZE INT SHAM CLEAR 32Z,10.75,24.5,25.5,SHAMPOO,SHAMPOO
CEA-32,CEA SHAM 32Z,11.25,25.5,26.5,SHAMPOO,SHAMPOO
SHAMPOO EXPRESS-32,SHAMPOO EXPRESS YOURSELF 32,12.25,25.5,26.5,SHAMPOO,SHAMPOO
PERSH-32,PERMISSION SHAM 32Z,11.25,25.5,26.5,SHAMPOO,SHAMPOO
CHLSH-32,CHLORIMED SHAM 32Z,11.5,26,27,SHAMPOO,SHAMPOO
MEDA-32,MEDA CLEAR SHAM  32Z,11.75,26.5,27.5,SHAMPOO,SHAMPOO
BSKIWI-34,BOTSILK KIWI SPOO - LITER,12.75,27.5,28.5,SHAMPOO,SHAMPOO
GLZSHCX-32,GLAZING SHAMPOO EXTRA-32,12.75,28.5,29.5,SHAMPOO,SHAMPOO
COMBK-32,COMBACK SHAMPOO 32z,15.75,34.5,35.5,SHAMPOO,SHAMPOO
EPA-128,EPA SHAM GAL             *,21.45,46.9,47.9,SHAMPOO,SHAMPOO
CEA-128,CEA SHAM GAL            *,22.5,49,50,SHAMPOO,SHAMPOO
PERSH-128,PERMISSION SHAM GAL        *,23.45,50.9,51.9,SHAMPOO,SHAMPOO
CHLSH-128,CHLORIMED SHAM GAL,26.45,56.9,57.9,SHAMPOO,SHAMPOO
SHAMPOO EXPRESS-128,SHAMPOO EXPRESS GALLON,26.45,56.9,57.9,SHAMPOO,SHAMPOO
BSKIWI-128,BOT SILK KIWI SHAMPOO GALLON,29.5,63,64,SHAMPOO,SHAMPOO
GLZSHC-128,GLAZING C C SPOO GALLON,31.5,67,68,SHAMPOO,SHAMPOO
SOY CANDLE APPLE,APPLE JACK,5,10,10,CANDLE,SOY CANDLE
SOY CANDLE BIRTHDAY,BIRTHDAY CAKE,5,10,10,CANDLE,SOY CANDLE
SOY CANDLE GRANDMAS,GRANDMA'S KITCHEN,5,10,10,CANDLE,SOY CANDLE
SOY CANDLE VANILLA,FRENCH VANILLA,5,10,10,CANDLE,SOY CANDLE
SOY CANDLE COUNTRY,COUNTRY SPICE,5,10,10,CANDLE,SOY CANDLE
SOY CANDLE CINNAMON,CINNAMON,5,10,10,CANDLE,SOY CANDLE
SOY CANDLE ORANGE,ORANGE CANTALOUPE,5,10,10,CANDLE,SOY CANDLE
SOY CANDLE BLACK,BLACK BERRY,5,10,10,CANDLE,SOY CANDLE
SOY CANDLE LILAC,LILAC,5,10,10,CANDLE,SOY CANDLE
BODYLOTP-32,HAND AND BODY LOTION PEAR 32,11.25,7.75,0,SPA,SPA
BODYLOTP-8,HAND AND BODY LOTION 8Z PEAR,3.75,2.35,0,SPA,SPA
BODYLOT-1          *,HAND AND BODY LOTION 1Z,0.55,1.7,1.7,SPA,SPA
BODYLOT-2,HAND AND BODY LOTION 2Z,1.85,3.7,3.7,SPA,SPA
SHGELBLUE-2,SHOWER GEL BLUE 2Z,2.1,4.2,4.2,SPA,SPA
FOOT-2,FOOT BALM 2Z,2.35,4.7,4.7,SPA,SPA
BODYLOT-8,HAND AND BODY LOTION 8Z,4,9,10,SPA,SPA
SHGELBLUE-8,SHOWER GEL BLUE 8Z,4.5,10,11,SPA,SPA
FOOT-8,FOOT BALM 8Z,4.75,10.5,11.5,SPA,SPA
BODYLOT-34,HAND & BODY LOTION LTR,11.25,25.5,25.5,SPA,SPA
BODYLOT-128,HAND AND BODY LOTION GALLON,33,70,71,SPA,SPA
BANNER             *,STW BANNER,30,0,0,STANDARD,Standard Product Line
BRIEFCASE          *,BRIEFCASE,30,0,0,STANDARD,Standard Product Line
BRS-112,SMALL BRUSH 112,0,0,0,STANDARD,Standard Product Line
DAY PLANNER LARGE  *,DAY PLANNER BIG,20,0,0,STANDARD,Standard Product Line
DAY PLANNER SMALL  *,DAY PLANNER SMALL,0,0,0,STANDARD,Standard Product Line
HEADBAND,Headbands,0,0,0,STANDARD,Standard Product Line
MUG                *,CHRISTMAS MUG AND BEAR,0,0,0,STANDARD,Standard Product Line
WATER BOTTLE       *,,0,0,0,STANDARD,Standard Product Line
TOERING            *,TOE RING,0,0,0,STANDARD,Standard Product Line
DINNER             *,DINNER CHI-CHI,25,0,0,STANDARD,Standard Product Line
CLASS CHI-CHI,CUTTING WORKSHOP,0,0,0,STANDARD,Standard Product Line
FRAME 5X7          *,FRAME 5X7,5,0,0,STANDARD,Standard Product Line
ADVCARD,REPLACEMENT ADV CARD,0,0,0,STANDARD,Standard Product Line
SPA BAG,ASSORTED COLORS SPA BAG,0,0,0,STANDARD,Standard Product Line
DISCOVERY VIDEO    *,STW DISCOVERY VIDEO,5,0,0,STANDARD,Standard Product Line
SOY CANDLE DISPLAY,WOODEN CANDLE DISPLAY,60,0,0,STANDARD,Standard Product Line
S5 120-220,,20,0,0,STANDARD,Standard Product Line
MSHAMPOO-2,MEN SHAMPOO 2 OZ,2.25,4.5,4.5,STANDARD,Standard Product Line
SOY CANDLE ISLAND,ISLAND BREEZE,5,10,10,STANDARD,Standard Product Line
SOY CANDLE LEMON,LEMON,5,10,10,STANDARD,Standard Product Line
SOY CANDLE RAIN,RAIN,5,10,10,STANDARD,Standard Product Line
KIDZ SHAMPOO,KIDZ SHAMPOO,5,11,12,STANDARD,Standard Product Line
S2 88/T/27/16,SPIKEY SCRUNCHIE,6.5,13,13,STANDARD,Standard Product Line
S2 27V66,SPIKEY SCRUNCHIE,6.5,13,13,STANDARD,Standard Product Line
MSHAMPOO-8.5,JA MEN SHAMPOO,5.5,12,13,STANDARD,Standard Product Line
KIDZDT,KIDZ DETANGLER,5.5,12,13,STANDARD,Standard Product Line
EXOTICA,EXOTICA WOMAN,15,30,30,STANDARD,Standard Product Line
ESTELLE,ESTELLE VENDOME,15,30,30,STANDARD,Standard Product Line
S6 27/30,CASCADE/CURLY W/CLIP,20,40,40,STANDARD,Standard Product Line
S16 10/25T,CASCADE W/CLIP-LONG/WAVY,25,50,50,STANDARD,Standard Product Line
S21 120/220,,25,50,50,STANDARD,Standard Product Line
S42 4/27T,LONG-STRAIGHT/HEADBAND,50,100,100,STANDARD,Standard Product Line
PAVFP-128,PURE AIR VOLUMIZING FOAM PLA,76.5,0,0,STYLEAID,STYLE AIDS
BSUMG-1            *,BOTAN SILK UNMOUSSE GEL  1Z,0.55,1.7,1.7,STYLEAID,STYLE AIDS
JAG-1              *,JAGEL 1z,0.55,1.7,1.7,STYLEAID,STYLE AIDS
MICAGEL-1          *,MICA GEL 1z,0.55,1.7,1.7,STYLEAID,STYLE AIDS
BSUMG-2,BOTAN SILK UNMOUSSE GEL  2Z,1.6,3.2,3.2,STYLEAID,STYLE AIDS
ICE-2,ICE FORMATIONS  2Z,1.6,3.2,3.2,STYLEAID,STYLE AIDS
JAG-2,JA'GEL  2Z,1.6,3.2,3.2,STYLEAID,STYLE AIDS
UNMR-2,UNMOUSSE  2Z,1.6,3.2,3.2,STYLEAID,STYLE AIDS
UNMX-2,UNMOUSSE X FIRM  2Z,1.6,3.2,3.2,STYLEAID,STYLE AIDS
MICAGEL-2,MICA GEL 2Z,1.85,3.7,3.7,STYLEAID,STYLE AIDS
DRIZ-2,DRIZZLE  2Z,2.1,4.2,4.2,STYLEAID,STYLE AIDS
TEXCR-2,TEXTURE CREME 2z,2.1,4.2,4.2,STYLEAID,STYLE AIDS
B-STR-2,B-STRAIGHT 2 OZ,3.25,6.5,6.5,STYLEAID,STYLE AIDS
BSGS-2,BOTAN SILK GLOSS SPRAY   2Z,4.75,9.5,9.5,STYLEAID,STYLE AIDS
UNMR-8,UNMOUSSE  8Z,4,9,10,STYLEAID,STYLE AIDS
UNMX-8,UNMOUSSE X FIRM  8Z,4,9,10,STYLEAID,STYLE AIDS
ICE-8,ICE FORMATIONS  8Z,4.25,9.5,10.5,STYLEAID,STYLE AIDS
MICAGEL-8,MICA GEL 8Z,4.75,9.5,10.5,STYLEAID,STYLE AIDS
BSUMG-8,BOTAN SILK UNMOUSSE GEL  8Z,4.5,10,11,STYLEAID,STYLE AIDS
JAG-8,JA'GEL  8Z,4.5,10,11,STYLEAID,STYLE AIDS
BSGC-2,BOTAN SILK GLOSS CONC  2Z,4.75,10.5,11.5,STYLEAID,STYLE AIDS
TEXCR-8,TEXTURE CREME 8z,5.5,12,13,STYLEAID,STYLE AIDS
DEW-2,DEW IT 2z,6.25,13.5,14.5,STYLEAID,STYLE AIDS
PC PUTTY,PC PUTTY 2z,6.25,13.5,14.5,STYLEAID,STYLE AIDS
BSGS-4,BOTAN SILK GLOSS SPRAY   4Z,7,14,15,STYLEAID,STYLE AIDS
MOUSSESUPER,JA MOUSSE SUPERHOLD,6.5,14,15,STYLEAID,STYLE AIDS
ROOTBOOST,ROOT BOOSTER,6.5,14,15,STYLEAID,STYLE AIDS
STICK-EM-UP,STICK-EM-UP,6.5,14,15,STYLEAID,STYLE AIDS
BSGG-4,BOTAN SILK GLOSS GEL  4Z,6.75,14.5,15.5,STYLEAID,STYLE AIDS
BSUMG-16,BOTAN SILK UNMOUSSE GEL 16Z,7,15,16,STYLEAID,STYLE AIDS
DRIZ-8,DRIZZLE  8Z,7,15,16,STYLEAID,STYLE AIDS
MSBG-9,BOTAN SILK MOUSSE-GEL  7Z,7,15,16,STYLEAID,STYLE AIDS
PAVF-6,PURE AIR VOLUMIZER  6Z,7,15,16,STYLEAID,STYLE AIDS
PAVFB-6,PURE AIR VOLUMIZER 6Z BORDEA,7.25,15.5,16.5,STYLEAID,STYLE AIDS
PAVFBR-6,PURE AIR VOLUMIZER 6Z BROWN,7.25,15.5,16.5,STYLEAID,STYLE AIDS
PAVFG-6,PURE AIR VOLUMIZER 6Z GOLD,7.25,15.5,16.5,STYLEAID,STYLE AIDS
PAVFP-6,PURE AIR VOLUMIZER 6Z PLATIN,7.25,15.5,16.5,STYLEAID,STYLE AIDS
PAVFR-6,PURE AIR VOLUMIZER 6Z RED,7.25,15.5,16.5,STYLEAID,STYLE AIDS
SPRAY SHINE,SPRAY SHINE,7.5,16,17,STYLEAID,STYLE AIDS
ICE-16,ICE FORMATIONS 16Z,7.75,16.5,17.5,STYLEAID,STYLE AIDS
B-STR-8,B-STRAIGHT 8 OZ,8.25,17.5,18.5,STYLEAID,STYLE AIDS
UNMX-16,UNMOUSSE X FIRM 16Z,7.75,17.5,18.5,STYLEAID,STYLE AIDS
JAG-16,JA'GEL 16Z,8,18,19,STYLEAID,STYLE AIDS
MICAGEL-16,MICA GEL 16z,8.5,18,19,STYLEAID,STYLE AIDS
JAG-32,JA'GEL 32Z,10.25,23.5,24.5,STYLEAID,STYLE AIDS
UNMR-32,UNMOUSSE 32Z,10.75,24.5,24.5,STYLEAID,STYLE AIDS
UNMX-32,UNMOUSSE X FIRM 32Z,10.75,24.5,25.5,STYLEAID,STYLE AIDS
ICE-32,ICE FORMATIONS QT,11.25,25.5,26.5,STYLEAID,STYLE AIDS
MICAGEL-34,MICA GEL LITER,14.25,31.5,32.5,STYLEAID,STYLE AIDS
PAVF-16,PURE AIR VOLUMIZER 16Z,15.5,33,34,STYLEAID,STYLE AIDS
PAVFBR-16,PURE AIR VOL FOAM BROWN 16z,18,38,39,STYLEAID,STYLE AIDS
PAVFG-16,PURE AIR VOL FOAM 16z GOLD,18,38,39,STYLEAID,STYLE AIDS
PAVFP-16,PURE AIR VOL FOAM PLAT 16Z,18,38,39,STYLEAID,STYLE AIDS
PAVFR-16,PURE AIR VOL FOAM RED 16z,18,38,39,STYLEAID,STYLE AIDS
DRIZ-32,DRIZZLE 32Z,20.25,43.5,44.5,STYLEAID,STYLE AIDS
PAVF-32,PURE AIR VOLUMIZER 32Z,25.75,54.5,55.5,STYLEAID,STYLE AIDS
PAVFBR-32,PURE AIR VOL FOAM BROWN 32z,30.75,64.5,65.5,STYLEAID,STYLE AIDS
PAVFP-32,PURE AIR VOL FOAM PLATINUM 3,30.75,64.5,65.5,STYLEAID,STYLE AIDS
PAVF-128,PURE AIR VOLUMIZING FOAM GAL,76.5,157,158,STYLEAID,STYLE AIDS
ASCHI-8.5,CHIAPAS 8.5,7.5,15,15,TANNING,TANNING
ASYUCA-8.5,YUCATAN-8.5,11,22,22,TANNING,TANNING
ASTEXC-8.5,TEXCOCO-8.5,12.5,25,25,TANNING,TANNING
ASBEL-8.5,BELIZE 8.5,15,30,30,TANNING,TANNING
ASQUI-8.5,QUINTANA 8.5,15,30,30,TANNING,TANNING
ASTAB-8.5,TABASCO-8.5,15,30,30,TANNING,TANNING
HAIR DRYER         *,JALYD HAIR DRYER,75,0,0,TOOLS,TOOLS
PAAC-60,APPETITE CONTROL WAFER,18,36,36,WELLNESS,WELLNESS
PATLB-60,THERMO LIPO BURN,24,48,48,WELLNESS,WELLNESS
